Category,Group_Channel_Name,Telegram_Handle,Est_Members,Audience_Psychology,Best_TMA_App_Fit,Monetization_Angle,Scrape_Value
Pump.fun / Solana,Pump.fun Official Talk,@pumpfun,320000,Extreme Greed / FOMO / Rug Paranoia,TrenchRadar (Rug/Dev Scanner),10-Star Safety Tollbooth / Dev Track,10/10
Pump.fun / Solana,Solana Degens & Callers,@solanadegencalls,85000,Dopamine / Instant 100x chasing,PumpPvP / Coin Battle,5% house rake on group bets,10/10
Pump.fun / Solana,Raydium & DexScreener Hunters,@dexscreener_calls,140000,Analytical / Speed / Sniping,TrenchRadar / Sniper Alert,Subscription to instant alerts,9/10
Pump.fun / Solana,Solana Memecoin Gems,@solgemalerts,65000,Impulsive / Low attention span,KingOfTheTrench Bot,Sponsored pinned coins + Star tollbooth,9/10
TON / TMA Ecosystem,TON Community English,@toncoin,780000,Airdrop hunters / Ecosystem believers,AirdropScore / SybilShield,TON/Stars fee for testnet farm,8/10
TON / TMA Ecosystem,Telegram Mini Apps Devs,@tapps_chat,45000,Builders / Monetization seekers,Omni-Hook SDK / Boilerplate,Direct developer SaaS sales,8/10
TON / TMA Ecosystem,Catizen / Hamster Community,@catizen_ann,2500000,Casual gamers / Task grinders,Rewarded Ads / Star Boosters,15s video ad completions ($4 CPM),9/10
TON / TMA Ecosystem,Notcoin / Dogs Community,@dogs_community,3800000,Meme coin traders / Tap grinders,Vanity Leaderboard TMA,Stars purchases to rank climb,10/10
Dropshipping / E-com,TikTok Shop & Dropship Hustle,@tiktokdropshipalpha,95000,E-com sellers wanting fast revenue,RenderTrap (4K Studio Render),50 Stars ($1) per clean product render,10/10
Dropshipping / E-com,Shopify Ninjas Global,@shopify_ninjas,52000,Frustrated by ad costs and product pics,ClipperVault (Ad Hook Generator),Stars per viral hook pack,9/10
Dropshipping / E-com,Ecom Scaling Secrets,@ecom_scaling,41000,Looking for automation & UGC shortcuts,ContentWash (Watermark scrubber),$15/mo SaaS for batch video cleaning,9/10
Crypto Alpha / Signals,Binance & Bybit Whales,@cryptoalphawhales,310000,Greed / Leverage gamblers,AlphaDigest (Group Summarizer),25 Stars per 24h group summary,9/10
Crypto Alpha / Signals,DeFi & Airdrop Farmers,@airdrop_hunters_hub,190000,FOMO / Fear of being disqualified,SybilShield (Airdrop Checker),50 Stars to unredact wallet errors,10/10
Crypto Alpha / Signals,Whale Alert Chat,@whale_alert_io,450000,Institutional paranoia / Trend spotters,GhostReader (Wallet Tracker),Subscription to instant whale alerts,8/10
Freelance / Digital Nomads,Remote Jobs & Freelance Hub,@remoteworknomads,125000,Freelancers dealing with bad clients,LegalBlade (Contract Analyzer),$5 Stars to generate counter-offer,8/10
Freelance / Digital Nomads,Upwork & Fiverr Mastermind,@freelance_arbitrage,68000,Impatient / Looking for client edges,ProposalAI (Bid Generator),10 Stars per proposal rewrite,9/10
Tech & AI Builders,AI Tools & Prompt Engineers,@ai_prompts_tools,210000,Tech-curious / Tool hoarders,VoiceClone / AudioMimic,Stars pack for prank voice notes,8/10
Tech & AI Builders,NoCode & Micro-SaaS Builders,@nocodemicrosaas,48000,Eager to launch fast / Low code,Omni-Hook Tollbooth Engine,Clone template purchases,9/10
Security & OSINT,Cyber Security & Threat Intel,@cybersec_leaks,82000,Paranoia / Identity theft fears,OsintRadar (Breached Passwords),100 Stars ($2) to unredact threat report,10/10
Security & OSINT,Crypto Scam & Rug Hunters,@rugpull_detectors,115000,Anger at scammers / Seeking revenge,ScamBuster Bot,Stars per contract decompilation,10/10
